Product,ActivityType,TotalSpend,Activities
Corporate Account Ad Pro,PRF,1275483264.54,3010
Avsar,PRF,648737954.02,4943
Lowplat Plus,PRF,566694462.03,4497
Xplended 20,PRF,554686840.38,3690
Inosita,PRF,512820262.35,2992
INOSITA PLUS XR,PRF,454114720.95,2902
Gouric,PRF,447153016.33,2406
Lowplat,PRF,443735567.84,3582
Inosita Plus,PRF,416680101.06,3228
Xplended,PRF,401027032.65,2926
Xplended 5-10,PRF,394481774.5,2681
Ferfer,PRF,364524425.23,2349
Estar,PRF,354545414.82,3309
Nise,PRF,337251738.66,3925
Orslim,PRF,315830116.73,2528
Kalsob,PRF,312678505.38,2727
Adfolic,PRF,301486849.52,1191
Duzalta,PRF,275893009.87,1851
Avsar Plus,PRF,270926783.87,2665
ERLI,PRF,265049625.3,1271
Opt-D,PRF,257598748.9,2191
FEMOVA,PRF,256965751.5,1403
OMRON (CLAIMABLE),PRF,256388120.44,518
Gouric 80,PRF,243040329.83,894
Xilica,PRF,229321673.52,1413
Evocheck BGM,PRF,212780834.42,403
Xcept,PRF,199988696.79,727
Onita,PRF,198434888.47,902
Evopride Plus,PRF,184909808.97,1896
Lacteus,PRF,183865626.1,839
Ramipace,PRF,181963669.3,1565
Tansin Family,PRF,176332940.92,466
Phytus,PRF,160263471.68,548
Inosita Plus 50/850,PRF,146468418.0,845
Actiflor,PRF,145902847.51,636
SACVIN,PRF,145666181.62,1256
BYVAS,PRF,140940892.49,1838
Galvecta,PRF,135076666.5,1441
K1000,PRF,134130846.83,1592
Telsarta,PRF,125219665.6,1387
Adfolic OD,PRF,117925993.58,1789
Erli Plus XR,PRF,116603527.32,1092
Supercran,PRF,109535322.84,236
Institutional Ad Pro,PRF,108252519.0,487
ANPLAG,PRF,104050979.13,1065
Evopride,PRF,103823420.81,1036
Arbi,PRF,102936024.72,1529
Telsarta-A,PRF,102513662.16,1595
Erlina,PRF,99338749.47,803
TRANSFORMERs,PRF,98120020.2,20
CHALLENGERS,PRF,98089636.0,15
WINNERS,PRF,97656035.4,54
NAVIGATORS,PRF,97547266.4,55
METABOLIZERs,PRF,97285516.2,21
ELITE,PRF,97128707.0,13
BONE SAVIORs,PRF,97058312.0,18
MAVERICKS,PRF,95946750.0,17
TITANS,PRF,95496625.0,12
CHAMPIONS,PRF,95468547.4,30
ALPHA,PRF,95041880.05,31
LEGENDS,PRF,94075559.2,20
BRAVO,PRF,91744170.0,16
SheVit,PRF,89249307.13,852
WARRIORS,PRF,88345997.0,15
THUNDERS,PRF,86946018.86,25
Zoltar,PRF,84705733.64,905
GLADIATORS,PRF,84653328.24,31
ONCOLOGY,PRF,84350480.0,9
INSTITUTIONAL,PRF,82027979.0,11
ARCHERS,PRF,81715016.0,8
EvoJoshanda,PRF,81259538.02,108
Erli Plus,PRF,80367513.33,595
Strikers (R),PRF,79923310.0,3
Falcons,PRF,79706173.0,2
Dapwiz,PRF,79694345.06,875
Hifazat,PRF,69502064.0,41
Xcept B,PRF,69298157.57,615
Klevra,PRF,63308739.8,659
Zoval,PRF,58421520.46,307
Aireez,PRF,58165413.85,497
Avsar,Doctor Activity,57432710.0,455
LACTEUS NEW,PRF,57185637.64,340
Treatan,PRF,57055820.36,564
AGOVIZ,PRF,50981536.29,654
Retzole,PRF,50029495.96,650
Evofix Susp,PRF,49202520.31,559
PARIDOPA,PRF,48453401.98,599
Evokalm,PRF,47899890.47,535
Redexa,PRF,47849444.65,595
Xplended 5-10,Doctor Activity,47679291.0,475
ACTNISE,PRF,47182128.55,675
Axifer,PRF,46934139.48,339
Xplended 5,PRF,46889189.66,508
Myopro,PRF,43072484.62,763
Xplended EZ,PRF,42569515.2,276
Evofix Cap,PRF,42412820.34,636
Eglaro Family,PRF,40984134.85,315
Clearlax,PRF,40278863.89,170
Estar 5,PRF,39931946.17,295
Zibes,PRF,39142571.69,409
Dapwiz Plus XR,PRF,38220369.33,405
Vible,PRF,37215300.02,407
Fasteso,PRF,35862187.86,396
Xcept C,PRF,35527362.33,355
ZILERO,PRF,34741540.44,327
Ferfer Gro,PRF,33783952.4,425
POM,PRF,33031141.0,12
Xplended 20,Doctor Activity,32719162.0,272
IVADIN,PRF,32698478.62,414
Evocheck BPM,PRF,32689095.64,77
MFIT,PRF,32135308.64,264
Nozea,PRF,31747945.06,301
Lacteus Mama,PRF,31019168.0,10
Azliv,PRF,30165342.71,473
Zoltar Iv Injection,PRF,28763832.9,61
Galvecta Plus 500,PRF,28559064.63,425
Thewril,PRF,28439195.47,544
Dipof,PRF,28166351.54,220
Inosita Plus,Doctor Activity,27963483.0,363
Revolic,PRF,25955915.69,397
Avsar Plus,Doctor Activity,24306183.0,367
Neo-Q 100,PRF,23389907.59,426
SPARLIV,PRF,23268115.79,234
Evocheck LinX CGM,PRF,23165453.85,84
XILICA EL,PRF,22201581.17,373
Voxamine,PRF,21881683.94,249
Arbi A,PRF,21193822.62,211
Busonide,PRF,20497424.71,255
OPT-D INJ,PRF,18770212.27,386
Evofix,PRF,18441130.82,154
Erlina Plus XR,PRF,17931187.45,172
AirCare,PRF,17456654.0,22
BD (CLAIMABLE),PRF,15909108.72,155
Traszeptin,PRF,15836919.08,80
Erlina Plus XR W,PRF,15832348.2,200
VANZAK,PRF,15711358.8,96
Erlina Plus XR M,PRF,15047904.1,130
REKLAIM,PRF,14231491.38,320
Opt-D,Doctor Activity,13789423.0,136
Estar,Doctor Activity,13466317.0,204
Histalis,PRF,13439497.95,113
FinnoQ,PRF,13410206.44,117
Nise,Doctor Activity,12900102.0,242
International Markets,PRF,12821958.84,203
Innogen,PRF,12585571.0,42
Setspin,PRF,12369480.09,208
FORMIS,PRF,12256448.1,104
BYVAS,Doctor Activity,12021460.0,171
Oxivort,PRF,11964174.0,123
IRT,PRF,11876512.0,22
Rituxim,PRF,11814676.03,90
Evocheck GO,PRF,11522879.42,151
Itipso,PRF,11462888.03,118
Stevo,PRF,11280847.0,61
AD-D,PRF,10651016.0,118
Gouric 80,Doctor Activity,10636900.0,95
Zilfom,PRF,9618841.6,73
PAZOMEZ,PRF,9543093.08,37
Anex M,PRF,9061274.8,92
Erli Plus XR TF,PRF,8903728.8,169
Uritreat,PRF,8757221.39,124
Tiocap,PRF,8618539.3,67
CELIA (Claimable),PRF,8528753.76,107
PAIN GEAR,PRF,8459150.25,72
Zoltar 40,PRF,8207185.79,197
UFI,PRF,8147559.2,101
Aireez 5/10,PRF,7963528.17,68
NU-ORS,PRF,7834367.0,49
Srilanka,PRF,7643451.0,146
MOMIST,Doctor Activity,7400332.0,36
Klevra Sol,PRF,7059602.8,77
Esmart,PRF,6984775.0,125
Guatemala,PRF,6938069.83,16
Aireez,Doctor Activity,6891591.0,54
Kalsob,Doctor Activity,6849119.0,132
ANPLAG,Doctor Activity,6788368.0,46
Ivory Coast,PRF,6685757.83,19
Kenya,PRF,6659788.83,34
MOBILE BGM,PRF,6633838.9,43
Evocheck Weigh Scale,PRF,6431515.75,47
Bevec,PRF,6230527.73,66
Evokalm,Doctor Activity,6154979.0,55
INOSITA PLUS XR,Doctor Activity,5900113.0,92
BEMPION EZ,PRF,5889641.96,38
Dapwiz Plus XR,Doctor Activity,5729101.0,80
K1000 Plus Sachet,PRF,5633323.83,105
Busonide,Doctor Activity,5435834.0,27
Iraq,PRF,5361649.64,20
Thunderbolt,PRF,5091046.0,3
CLORES,Doctor Activity,4945719.0,42
Xilica,Doctor Activity,4931369.0,80
Vible,Doctor Activity,4717047.0,69
OMRON HEALTH CARE,PRF,4656940.5,19
Erlina,Doctor Activity,4519850.0,71
Nigeria,PRF,4448500.87,13
IPRAZYME,Doctor Activity,4321346.0,42
MOMIST,PRF,4251702.6,34
Xcept,Doctor Activity,4181267.0,55
Spedicam,PRF,4121505.57,101
Histalis,Doctor Activity,3955549.0,24
Erli Plus,Doctor Activity,3859192.0,101
Neo-Q 50,PRF,3793929.0,47
EVOCHECK (TEAM),PRF,3589050.0,16
Adfolic,Doctor Activity,3571935.0,66
Afghanistan,PRF,3509937.8,88
ERLI,Doctor Activity,3375751.0,55
Dapwiz,Doctor Activity,3339886.0,41
Adfolic DHA,PRF,3168607.0,17
ECOMMERCE,PRF,3104228.0,34
Ferfer,Doctor Activity,2894364.0,67
CLORES,PRF,2886575.4,18
Tenova,PRF,2856905.0,6
FEMOVA,Doctor Activity,2845569.0,48
Lowplat Plus,Doctor Activity,2841988.0,48
Gouric,Doctor Activity,2703657.0,62
Paridopa Ext,PRF,2657325.0,38
Nuval,PRF,2429114.0,36
IPRAZYME,PRF,2288029.0,24
Estar 5,Doctor Activity,2183753.0,40
Thewril,Doctor Activity,2162834.0,52
Duzalta,Doctor Activity,2110038.0,37
AVIATORS,PRF,1986200.0,1
SACVIN,Doctor Activity,1825555.0,23
Erlina Plus XR,Doctor Activity,1704475.0,31
MilkSip,PRF,1687320.0,3
Revolic,Doctor Activity,1670353.0,11
Myanmar,PRF,1583122.0,23
"OPT-D 100,000",PRF,1553956.25,15
Fluticasone,PRF,1528077.43,13
Klevra,Doctor Activity,1526698.0,25
Xplended EZ,Doctor Activity,1445204.0,11
SheVit,Doctor Activity,1441572.0,36
K1000,Doctor Activity,1360752.0,34
EvoPravir,PRF,1345023.0,19
Tiocap,Doctor Activity,1324066.0,12
Galvecta Plus 500,Doctor Activity,1308281.0,32
OPT-D Drops,PRF,1236974.0,29
Africa,PRF,1045275.0,12
Retzole,Doctor Activity,1034730.0,30
Orslim,Doctor Activity,956267.0,20
Forsonide,PRF,912958.0,15
Zilfom,Doctor Activity,876513.0,8
VANZAK,Doctor Activity,856268.0,5
Galvecta Plus 1000,PRF,852865.0,9
Securin,PRF,839049.5,13
K1000 Plus Sachet,Doctor Activity,828221.0,18
Semaglutide,PRF,792350.0,6
Evocheck LinX CGM,Doctor Activity,775647.0,11
Evopride Plus,Doctor Activity,763395.0,15
Sovelpa,PRF,762598.83,21
Evofix Cap,Doctor Activity,741602.0,22
Evopride,Doctor Activity,697286.0,12
PAZOMEZ,Doctor Activity,680040.0,11
Adfolic OD,Doctor Activity,672891.0,6
Inosita,Doctor Activity,654777.0,10
Cambodia,PRF,618750.0,11
Eglaro Family,Doctor Activity,571617.0,12
Dipof,Doctor Activity,565287.0,10
Uzbekistan,PRF,550750.0,4
Tajikistan,PRF,550000.0,3
SPARLIV,Doctor Activity,547417.0,12
Marketing,PRF,529142.0,5
Voxamine,Doctor Activity,522870.0,8
Ferfer SF,PRF,513580.0,6
Celia (Un-Claimable),PRF,461350.0,7
Lowplat,Doctor Activity,448606.0,2
Onita,Doctor Activity,429071.0,7
AGOVIZ,Doctor Activity,412347.0,6
Telsarta-A,Doctor Activity,375358.0,11
BEMPION EZ,Doctor Activity,323530.0,3
Telsarta,Doctor Activity,294249.0,9
PARIDOPA,Doctor Activity,249915.0,6
LINX CGM - Trade,PRF,197723.98,3
Treatan,Doctor Activity,195135.0,5
Maldives,PRF,187500.0,1
ZILERO,Doctor Activity,183671.0,3
Fasteso,Doctor Activity,182527.0,4
FinnoQ,Doctor Activity,178805.0,5
Uritreat,Doctor Activity,176471.0,1
Lacteus Digest,PRF,162623.0,3
Kalsob Plus,PRF,162500.0,1
DAKVIR,PRF,150000.0,2
Ibandro,PRF,143046.2,5
ForFlu,PRF,125000.0,1
Estar 20,PRF,124000.0,2
Erlina Plus XR M,Doctor Activity,88235.0,1
Klevra Sol,Doctor Activity,82352.0,2
Philippine,PRF,82000.0,3
Memura XR,PRF,80300.0,1
Tansin Family,Doctor Activity,79496.0,5
Owad,PRF,75000.0,1
Treow,PRF,75000.0,3
Rituxim,Doctor Activity,73529.0,1
THEDEX,PRF,71370.0,3
Algesia,PRF,71134.0,1
Rixabac,PRF,69000.0,1
Zibes,Doctor Activity,58824.0,1
Inosita Plus 50/850,Doctor Activity,39894.0,1
kazakhstan,PRF,32895.0,1
Ipramide Plus,PRF,30000.0,1
OPT-D INJ,Doctor Activity,29400.0,1
Vietnam,PRF,29300.0,1
BD (UN-CLAIMABLE),PRF,27000.0,2
Arbi A,Doctor Activity,23529.0,1
Ramipace,Doctor Activity,17647.0,1
Erli Plus XR,Doctor Activity,11250.0,1
Xevacta,PRF,0.0,1
