Product,TotalSpend,Activities,AvgCost
Corporate Account Ad Pro,1275483264.54,3010,423748.59287
Avsar,705881859.02,5397,130791.524739
Xplended 20,588110742.38,3962,148437.845123
Lowplat Plus,569536450.03,4545,125310.550061
Inosita,513475039.35,3002,171044.316905
INOSITA PLUS XR,460014833.95,2994,153645.569121
Gouric,449856673.33,2468,182275.799566
Inosita Plus,444643584.06,3591,123821.660835
Lowplat,444472978.84,3585,123981.305115
Xplended 5-10,442102241.5,3154,140171.921845
Xplended,401027032.65,2926,137056.402136
Estar,368011731.82,3513,104757.111249
Ferfer,367418789.23,2416,152077.313423
Nise,350138781.66,4166,84046.755079
Kalsob,319527624.38,2859,111762.023217
Orslim,316786383.73,2548,124327.466142
Adfolic,305058784.52,1257,242687.974956
Avsar Plus,295232966.87,3032,97372.35055
Duzalta,278003047.87,1888,147247.377049
Opt-D,271388171.9,2327,116625.772195
ERLI,268425376.3,1326,202432.410482
FEMOVA,259811320.5,1451,179056.733631
OMRON (CLAIMABLE),256388120.44,518,494957.761467
Gouric 80,253677229.83,989,256498.715702
Xilica,234253042.52,1493,156900.899209
Evocheck BGM,212780834.42,403,527992.144962
Xcept,204169963.79,782,261086.910217
Onita,198863959.47,909,218772.23264
Evopride Plus,185673203.97,1911,97160.232323
Lacteus,183865626.1,839,219148.541239
Ramipace,181981316.3,1566,116207.7371
Tansin Family,176412436.92,471,374548.698343
Phytus,160263471.68,548,292451.590656
BYVAS,152962352.49,2009,76138.552757
SACVIN,147491736.62,1279,115318.01143
Inosita Plus 50/850,146508312.0,846,173177.673758
Actiflor,145902847.51,636,229406.99294
K1000,135491598.83,1626,83328.166562
Galvecta,135076666.5,1441,93738.144691
Telsarta,125513914.6,1396,89909.680945
Adfolic OD,118598884.58,1795,66071.801994
Erli Plus XR,116614777.32,1093,106692.385471
ANPLAG,110839347.13,1111,99765.388955
Supercran,109535322.84,236,464132.723898
Institutional Ad Pro,108252519.0,487,222284.433264
Evopride,104520706.81,1048,99733.498864
Erlina,103858599.47,874,118831.349508
Arbi,102936024.72,1529,67322.44913
Telsarta-A,102889020.16,1606,64065.392378
TRANSFORMERs,98120020.2,20,4906001.01
CHALLENGERS,98089636.0,15,6539309.066666
WINNERS,97656035.4,54,1808445.1
NAVIGATORS,97547266.4,55,1773586.661818
METABOLIZERs,97285516.2,21,4632643.628571
ELITE,97128707.0,13,7471439.0
BONE SAVIORs,97058312.0,18,5392128.444444
MAVERICKS,95946750.0,17,5643926.470588
TITANS,95496625.0,12,7958052.083333
CHAMPIONS,95468547.4,30,3182284.913333
ALPHA,95041880.05,31,3065867.098387
LEGENDS,91971876.2,19,4840625.063157
SheVit,90690879.13,888,102129.368389
BRAVO,89640487.0,15,5976032.466666
WARRIORS,88345997.0,15,5889733.133333
THUNDERS,86946018.86,25,3477840.7544
Zoltar,84705733.64,905,93597.495734
GLADIATORS,84653328.24,31,2730752.52387
ONCOLOGY,84350480.0,9,9372275.555555
Erli Plus,84226705.33,696,121015.381221
Dapwiz,83034231.06,916,90648.723864
INSTITUTIONAL,82027979.0,11,7457089.0
ARCHERS,81715016.0,8,10214377.0
EvoJoshanda,81259538.02,108,752403.129814
Strikers (R),79923310.0,3,26641103.333333
Falcons,79706173.0,2,39853086.5
Hifazat,69502064.0,41,1695172.292682
Xcept B,69298157.57,615,112679.931008
Aireez,65057004.85,551,118070.789201
Klevra,64835437.8,684,94788.651754
Zoval,58421520.46,307,190298.112247
Treatan,57250955.36,569,100616.793251
LACTEUS NEW,57185637.64,340,168193.051882
Evokalm,54054869.47,590,91618.42283
AGOVIZ,51393883.29,660,77869.520136
Retzole,51064225.96,680,75094.449941
Evofix Susp,49202520.31,559,88018.819874
PARIDOPA,48703316.98,605,80501.35038
Redexa,47849444.65,595,80419.234705
ACTNISE,47182128.55,675,69899.449703
Axifer,46934139.48,339,138448.789026
Xplended 5,46889189.66,508,92301.554448
Xplended EZ,44014719.2,287,153361.39094
Dapwiz Plus XR,43949470.33,485,90617.464597
Evofix Cap,43154422.34,658,65584.22848
Myopro,43072484.62,763,56451.487051
Estar 5,42115699.17,335,125718.504985
Vible,41932347.02,476,88093.166008
Eglaro Family,41555751.85,327,127081.809938
Clearlax,40278863.89,170,236934.49347
Zibes,39201395.69,410,95613.160219
Fasteso,36044714.86,400,90111.78715
Xcept C,35527362.33,355,100077.076985
ZILERO,34925211.44,330,105833.97406
Ferfer Gro,33783952.4,425,79491.652705
POM,33031141.0,12,2752595.083333
IVADIN,32698478.62,414,78981.832415
Evocheck BPM,32689095.64,77,424533.70961
MFIT,32135308.64,264,121724.653939
Nozea,31747945.06,301,105474.900531
Lacteus Mama,31019168.0,10,3101916.8
Thewril,30615088.47,597,51281.555226
Azliv,30165342.71,473,63774.5089
Galvecta Plus 500,29867345.63,457,65355.242078
Zoltar Iv Injection,28763832.9,61,471538.244262
Dipof,28731638.54,230,124920.167565
Revolic,27626268.69,408,67711.442867
Busonide,25933258.71,282,91961.910319
Evocheck LinX CGM,23941100.85,95,252011.587894
SPARLIV,23815532.79,246,96811.108902
Neo-Q 100,23389907.59,426,54905.886361
Voxamine,22404553.94,257,87177.252684
XILICA EL,22201581.17,373,59521.665335
Arbi A,21217351.62,212,100081.847264
Erlina Plus XR,19635662.45,203,96727.401231
OPT-D INJ,18799612.27,387,48577.809483
Evofix,18441130.82,154,119747.602727
AirCare,17456654.0,22,793484.272727
Histalis,17395046.95,137,126971.14562
VANZAK,16567626.8,101,164035.90891
BD (CLAIMABLE),15909108.72,155,102639.411096
Traszeptin,15836919.08,80,197961.4885
Erlina Plus XR W,15832348.2,200,79161.741
Erlina Plus XR M,15136139.1,131,115543.046564
REKLAIM,14231491.38,320,44473.410562
FinnoQ,13589011.44,122,111385.339672
International Markets,12821958.84,203,63162.358817
Innogen,12585571.0,42,299656.45238
Setspin,12369480.09,208,59468.654278
FORMIS,12256448.1,104,117850.4625
Oxivort,11964174.0,123,97269.707317
Rituxim,11888205.03,91,130639.615714
IRT,11876512.0,22,539841.454545
MOMIST,11652034.6,70,166457.637142
Evocheck GO,11522879.42,151,76310.459735
Itipso,11462888.03,118,97143.118898
Stevo,11280847.0,61,184931.918032
AD-D,10651016.0,118,90262.847457
Zilfom,10495354.6,81,129572.279012
PAZOMEZ,10223133.08,48,212981.939166
Tiocap,9942605.3,79,125855.763291
Anex M,9061274.8,92,98492.117391
Uritreat,8933692.39,125,71469.53912
Erli Plus XR TF,8903728.8,169,52684.785798
CELIA (Claimable),8528753.76,107,79707.979065
PAIN GEAR,8459150.25,72,117488.197916
Zoltar 40,8207185.79,197,41660.841573
UFI,8147559.2,101,80668.90297
Aireez 5/10,7963528.17,68,117110.708382
NU-ORS,7834367.0,49,159885.040816
CLORES,7832294.4,60,130538.24
Srilanka,7643451.0,146,52352.404109
Klevra Sol,7141954.8,79,90404.491139
Esmart,6984775.0,125,55878.2
Guatemala,6938069.83,16,433629.364375
Ivory Coast,6685757.83,19,351881.991052
Kenya,6659788.83,34,195876.142058
MOBILE BGM,6633838.9,43,154275.323255
IPRAZYME,6609375.0,66,100142.045454
K1000 Plus Sachet,6461544.83,123,52532.884796
Evocheck Weigh Scale,6431515.75,47,136840.760638
Bevec,6230527.73,66,94401.935303
BEMPION EZ,6213171.96,41,151540.779512
Iraq,5361649.64,20,268082.482
Thunderbolt,5091046.0,3,1697015.333333
OMRON HEALTH CARE,4656940.5,19,245102.131578
Nigeria,4448500.87,13,342192.374615
Spedicam,4121505.57,101,40806.985841
Neo-Q 50,3793929.0,47,80721.893617
EVOCHECK (TEAM),3589050.0,16,224315.625
Afghanistan,3509937.8,88,39885.656818
Adfolic DHA,3168607.0,17,186388.647058
ECOMMERCE,3104228.0,34,91300.823529
Tenova,2856905.0,6,476150.833333
Paridopa Ext,2657325.0,38,69929.605263
Nuval,2429114.0,36,67475.388888
AVIATORS,1986200.0,1,1986200.0
MilkSip,1687320.0,3,562440.0
Myanmar,1583122.0,23,68831.391304
"OPT-D 100,000",1553956.25,15,103597.083333
Fluticasone,1528077.43,13,117544.417692
EvoPravir,1345023.0,19,70790.68421
OPT-D Drops,1236974.0,29,42654.275862
Africa,1045275.0,12,87106.25
Forsonide,912958.0,15,60863.866666
Galvecta Plus 1000,852865.0,9,94762.777777
Securin,839049.5,13,64542.26923
Semaglutide,792350.0,6,132058.333333
Sovelpa,762598.83,21,36314.23
Cambodia,618750.0,11,56250.0
Uzbekistan,550750.0,4,137687.5
Tajikistan,550000.0,3,183333.333333
Marketing,529142.0,5,105828.4
Ferfer SF,513580.0,6,85596.666666
Celia (Un-Claimable),461350.0,7,65907.142857
LINX CGM - Trade,197723.98,3,65907.993333
Maldives,187500.0,1,187500.0
Lacteus Digest,162623.0,3,54207.666666
Kalsob Plus,162500.0,1,162500.0
DAKVIR,150000.0,2,75000.0
Ibandro,143046.2,5,28609.24
ForFlu,125000.0,1,125000.0
Estar 20,124000.0,2,62000.0
Philippine,82000.0,3,27333.333333
Memura XR,80300.0,1,80300.0
Treow,75000.0,3,25000.0
Owad,75000.0,1,75000.0
THEDEX,71370.0,3,23790.0
Algesia,71134.0,1,71134.0
Rixabac,69000.0,1,69000.0
kazakhstan,32895.0,1,32895.0
Ipramide Plus,30000.0,1,30000.0
Vietnam,29300.0,1,29300.0
BD (UN-CLAIMABLE),27000.0,2,13500.0
Xevacta,0.0,1,0.0
